-- MySQL Script generated by MySQL Workbench
-- Wed 17 Aug 2022 03:45:38 PM +0430
-- Model: New Model    Version: 1.0
-- MySQL Workbench Forward Engineering

SET @OLD_UNIQUE_CHECKS=@@UNIQUE_CHECKS, UNIQUE_CHECKS=0;
SET @OLD_FOREIGN_KEY_CHECKS=@@FOREIGN_KEY_CHECKS, FOREIGN_KEY_CHECKS=0;
SET @OLD_SQL_MODE=@@SQL_MODE, SQL_MODE='ONLY_FULL_GROUP_BY,STRICT_TRANS_TABLES,NO_ZERO_IN_DATE,NO_ZERO_DATE,ERROR_FOR_DIVISION_BY_ZERO,NO_ENGINE_SUBSTITUTION';

-- -----------------------------------------------------
-- Schema CLINIC
-- -----------------------------------------------------

-- -----------------------------------------------------
-- Schema CLINIC
-- -----------------------------------------------------
CREATE SCHEMA IF NOT EXISTS `CLINIC` DEFAULT CHARACTER SET utf8 ;
USE `CLINIC` ;

-- -----------------------------------------------------
-- Table `CLINIC`.`province`
-- -----------------------------------------------------
CREATE TABLE IF NOT EXISTS `CLINIC`.`province` (
  `id` INT NOT NULL,
  `name` VARCHAR(45) NULL,
  PRIMARY KEY (`id`))
ENGINE = InnoDB;


-- -----------------------------------------------------
-- Table `CLINIC`.`city`
-- -----------------------------------------------------
CREATE TABLE IF NOT EXISTS `CLINIC`.`city` (
  `id` INT NOT NULL,
  `name` VARCHAR(45) NULL,
  `province_id` INT NOT NULL,
  PRIMARY KEY (`id`, `province_id`),
  INDEX `fk_city_province1_idx` (`province_id` ASC) VISIBLE,
  CONSTRAINT `fk_city_province1`
    FOREIGN KEY (`province_id`)
    REFERENCES `CLINIC`.`province` (`id`)
    ON DELETE NO ACTION
    ON UPDATE NO ACTION)
ENGINE = InnoDB;


-- -----------------------------------------------------
-- Table `CLINIC`.`nationality`
-- -----------------------------------------------------
CREATE TABLE IF NOT EXISTS `CLINIC`.`nationality` (
  `id` INT NOT NULL,
  `name` VARCHAR(45) NULL,
  PRIMARY KEY (`id`))
ENGINE = InnoDB;


-- -----------------------------------------------------
-- Table `CLINIC`.`person`
-- -----------------------------------------------------
CREATE TABLE IF NOT EXISTS `CLINIC`.`person` (
  `id` INT NOT NULL,
  `nationalid` VARCHAR(45) NULL,
  `firstname` VARCHAR(256) NULL,
  `lastname` VARCHAR(256) NULL,
  `birthdate` DATE NULL,
  `address` VARCHAR(256) NULL,
  `gender` VARCHAR(1) NULL,
  `city_id` INT NOT NULL,
  `nationality_id` INT NOT NULL,
  PRIMARY KEY (`id`, `city_id`, `nationality_id`),
  INDEX `fk_persion_city1_idx` (`city_id` ASC) VISIBLE,
  INDEX `fk_person_nationality1_idx` (`nationality_id` ASC) VISIBLE,
  CONSTRAINT `fk_persion_city1`
    FOREIGN KEY (`city_id`)
    REFERENCES `CLINIC`.`city` (`id`)
    ON DELETE NO ACTION
    ON UPDATE NO ACTION,
  CONSTRAINT `fk_person_nationality1`
    FOREIGN KEY (`nationality_id`)
    REFERENCES `CLINIC`.`nationality` (`id`)
    ON DELETE NO ACTION
    ON UPDATE NO ACTION)
ENGINE = InnoDB;


-- -----------------------------------------------------
-- Table `CLINIC`.`sections`
-- -----------------------------------------------------
CREATE TABLE IF NOT EXISTS `CLINIC`.`sections` (
  `id` INT NOT NULL,
  `name` VARCHAR(45) NULL,
  `supervisor_id` INT NOT NULL,
  PRIMARY KEY (`id`, `supervisor_id`),
  INDEX `fk_sections_persion1_idx` (`supervisor_id` ASC) VISIBLE,
  CONSTRAINT `fk_sections_persion1`
    FOREIGN KEY (`supervisor_id`)
    REFERENCES `CLINIC`.`person` (`id`)
    ON DELETE NO ACTION
    ON UPDATE NO ACTION)
ENGINE = InnoDB;


-- -----------------------------------------------------
-- Table `CLINIC`.`specialty`
-- -----------------------------------------------------
CREATE TABLE IF NOT EXISTS `CLINIC`.`specialty` (
  `id` INT NOT NULL,
  `name` VARCHAR(45) NULL,
  PRIMARY KEY (`id`))
ENGINE = InnoDB;


-- -----------------------------------------------------
-- Table `CLINIC`.`doctor`
-- -----------------------------------------------------
CREATE TABLE IF NOT EXISTS `CLINIC`.`doctor` (
  `id` INT NOT NULL,
  `gmcnumber` INT NULL,
  `sections_id` INT NOT NULL,
  `person_id` INT NOT NULL,
  `specialty_id` INT NOT NULL,
  PRIMARY KEY (`id`, `sections_id`, `person_id`, `specialty_id`),
  INDEX `fk_doctor_sections1_idx` (`sections_id` ASC) VISIBLE,
  INDEX `fk_doctor_persion1_idx` (`person_id` ASC) VISIBLE,
  INDEX `fk_doctor_specialty1_idx` (`specialty_id` ASC) VISIBLE,
  CONSTRAINT `fk_doctor_sections1`
    FOREIGN KEY (`sections_id`)
    REFERENCES `CLINIC`.`sections` (`id`)
    ON DELETE NO ACTION
    ON UPDATE NO ACTION,
  CONSTRAINT `fk_doctor_persion1`
    FOREIGN KEY (`person_id`)
    REFERENCES `CLINIC`.`person` (`id`)
    ON DELETE NO ACTION
    ON UPDATE NO ACTION,
  CONSTRAINT `fk_doctor_specialty1`
    FOREIGN KEY (`specialty_id`)
    REFERENCES `CLINIC`.`specialty` (`id`)
    ON DELETE NO ACTION
    ON UPDATE NO ACTION)
ENGINE = InnoDB;


-- -----------------------------------------------------
-- Table `CLINIC`.`room`
-- -----------------------------------------------------
CREATE TABLE IF NOT EXISTS `CLINIC`.`room` (
  `id` INT NOT NULL,
  `roomtitle` VARCHAR(45) NULL,
  `roomnumber` INT NULL,
  `sections_id` INT NOT NULL,
  PRIMARY KEY (`id`, `sections_id`),
  INDEX `fk_room_sections1_idx` (`sections_id` ASC) VISIBLE,
  CONSTRAINT `fk_room_sections1`
    FOREIGN KEY (`sections_id`)
    REFERENCES `CLINIC`.`sections` (`id`)
    ON DELETE NO ACTION
    ON UPDATE NO ACTION)
ENGINE = InnoDB;


-- -----------------------------------------------------
-- Table `CLINIC`.`bloodtype`
-- -----------------------------------------------------
CREATE TABLE IF NOT EXISTS `CLINIC`.`bloodtype` (
  `id` INT NOT NULL,
  `name` VARCHAR(45) NULL,
  PRIMARY KEY (`id`))
ENGINE = InnoDB;


-- -----------------------------------------------------
-- Table `CLINIC`.`religion`
-- -----------------------------------------------------
CREATE TABLE IF NOT EXISTS `CLINIC`.`religion` (
  `id` INT NOT NULL,
  `name` VARCHAR(45) NULL,
  PRIMARY KEY (`id`))
ENGINE = InnoDB;


-- -----------------------------------------------------
-- Table `CLINIC`.`patient`
-- -----------------------------------------------------
CREATE TABLE IF NOT EXISTS `CLINIC`.`patient` (
  `id` INT NOT NULL,
  `person_id` INT NOT NULL,
  `bloodtype_id` INT NOT NULL,
  `religion_id` INT NOT NULL,
  PRIMARY KEY (`id`, `person_id`, `bloodtype_id`, `religion_id`),
  INDEX `fk_Patient_persion1_idx` (`person_id` ASC) VISIBLE,
  INDEX `fk_Patient_bloodtype1_idx` (`bloodtype_id` ASC) VISIBLE,
  INDEX `fk_patient_religion1_idx` (`religion_id` ASC) VISIBLE,
  CONSTRAINT `fk_Patient_persion1`
    FOREIGN KEY (`person_id`)
    REFERENCES `CLINIC`.`person` (`id`)
    ON DELETE NO ACTION
    ON UPDATE NO ACTION,
  CONSTRAINT `fk_Patient_bloodtype1`
    FOREIGN KEY (`bloodtype_id`)
    REFERENCES `CLINIC`.`bloodtype` (`id`)
    ON DELETE NO ACTION
    ON UPDATE NO ACTION,
  CONSTRAINT `fk_patient_religion1`
    FOREIGN KEY (`religion_id`)
    REFERENCES `CLINIC`.`religion` (`id`)
    ON DELETE NO ACTION
    ON UPDATE NO ACTION)
ENGINE = InnoDB;


-- -----------------------------------------------------
-- Table `CLINIC`.`servicecost`
-- -----------------------------------------------------
CREATE TABLE IF NOT EXISTS `CLINIC`.`servicecost` (
  `id` INT NOT NULL,
  `name` VARCHAR(45) NULL,
  `cost` INT NULL,
  `sections_id` INT NOT NULL,
  PRIMARY KEY (`id`, `sections_id`),
  INDEX `fk_servicecost_sections1_idx` (`sections_id` ASC) VISIBLE,
  CONSTRAINT `fk_servicecost_sections1`
    FOREIGN KEY (`sections_id`)
    REFERENCES `CLINIC`.`sections` (`id`)
    ON DELETE NO ACTION
    ON UPDATE NO ACTION)
ENGINE = InnoDB;


-- -----------------------------------------------------
-- Table `CLINIC`.`bill`
-- -----------------------------------------------------
CREATE TABLE IF NOT EXISTS `CLINIC`.`bill` (
  `id` INT NOT NULL,
  `billcode` INT NULL,
  `totalcost` INT NULL,
  `billdate` DATE NULL,
  `Patient_id` INT NOT NULL,
  `doctor_id` INT NOT NULL,
  `servicecost_id` INT NOT NULL,
  PRIMARY KEY (`id`, `Patient_id`, `doctor_id`, `servicecost_id`),
  INDEX `fk_bill_Patient1_idx` (`Patient_id` ASC) VISIBLE,
  INDEX `fk_bill_doctor1_idx` (`doctor_id` ASC) VISIBLE,
  INDEX `fk_bill_servicecost1_idx` (`servicecost_id` ASC) VISIBLE,
  CONSTRAINT `fk_bill_Patient1`
    FOREIGN KEY (`Patient_id`)
    REFERENCES `CLINIC`.`patient` (`id`)
    ON DELETE NO ACTION
    ON UPDATE NO ACTION,
  CONSTRAINT `fk_bill_doctor1`
    FOREIGN KEY (`doctor_id`)
    REFERENCES `CLINIC`.`doctor` (`id`)
    ON DELETE NO ACTION
    ON UPDATE NO ACTION,
  CONSTRAINT `fk_bill_servicecost1`
    FOREIGN KEY (`servicecost_id`)
    REFERENCES `CLINIC`.`servicecost` (`id`)
    ON DELETE NO ACTION
    ON UPDATE NO ACTION)
ENGINE = InnoDB;


-- -----------------------------------------------------
-- Table `CLINIC`.`roomPatient`
-- -----------------------------------------------------
CREATE TABLE IF NOT EXISTS `CLINIC`.`roomPatient` (
  `room_id` INT NOT NULL,
  `Patient_id` INT NOT NULL,
  `visitdate` DATE NULL,
  PRIMARY KEY (`room_id`, `Patient_id`),
  INDEX `fk_room_has_Patient_Patient1_idx` (`Patient_id` ASC) VISIBLE,
  INDEX `fk_room_has_Patient_room_idx` (`room_id` ASC) VISIBLE,
  CONSTRAINT `fk_room_has_Patient_room`
    FOREIGN KEY (`room_id`)
    REFERENCES `CLINIC`.`room` (`id`)
    ON DELETE NO ACTION
    ON UPDATE NO ACTION,
  CONSTRAINT `fk_room_has_Patient_Patient1`
    FOREIGN KEY (`Patient_id`)
    REFERENCES `CLINIC`.`patient` (`id`)
    ON DELETE NO ACTION
    ON UPDATE NO ACTION)
ENGINE = InnoDB;


-- -----------------------------------------------------
-- Table `CLINIC`.`phonetype`
-- -----------------------------------------------------
CREATE TABLE IF NOT EXISTS `CLINIC`.`phonetype` (
  `id` INT NOT NULL,
  `typename` VARCHAR(45) NULL,
  PRIMARY KEY (`id`))
ENGINE = InnoDB;


-- -----------------------------------------------------
-- Table `CLINIC`.`telephone`
-- -----------------------------------------------------
CREATE TABLE IF NOT EXISTS `CLINIC`.`telephone` (
  `id` INT NOT NULL,
  `number` INT NULL,
  `phonetype_id` INT NOT NULL,
  `person_id` INT NOT NULL,
  PRIMARY KEY (`id`, `phonetype_id`, `person_id`),
  INDEX `fk_telephone_phonetype1_idx` (`phonetype_id` ASC) VISIBLE,
  INDEX `fk_telephone_person1_idx` (`person_id` ASC) VISIBLE,
  CONSTRAINT `fk_telephone_phonetype1`
    FOREIGN KEY (`phonetype_id`)
    REFERENCES `CLINIC`.`phonetype` (`id`)
    ON DELETE NO ACTION
    ON UPDATE NO ACTION,
  CONSTRAINT `fk_telephone_person1`
    FOREIGN KEY (`person_id`)
    REFERENCES `CLINIC`.`person` (`id`)
    ON DELETE NO ACTION
    ON UPDATE NO ACTION)
ENGINE = InnoDB;


-- -----------------------------------------------------
-- Table `CLINIC`.`shift`
-- -----------------------------------------------------
CREATE TABLE IF NOT EXISTS `CLINIC`.`shift` (
  `id` INT NOT NULL,
  `name` VARCHAR(45) NULL,
  PRIMARY KEY (`id`))
ENGINE = InnoDB;


-- -----------------------------------------------------
-- Table `CLINIC`.`doctorshift`
-- -----------------------------------------------------
CREATE TABLE IF NOT EXISTS `CLINIC`.`doctorshift` (
  `doctor_id` INT NOT NULL,
  `shift_id` INT NOT NULL,
  `startdate` DATE NULL,
  `enddate` DATE NULL,
  PRIMARY KEY (`doctor_id`, `shift_id`),
  INDEX `fk_doctor_has_shift_shift1_idx` (`shift_id` ASC) VISIBLE,
  INDEX `fk_doctor_has_shift_doctor1_idx` (`doctor_id` ASC) VISIBLE,
  CONSTRAINT `fk_doctor_has_shift_doctor1`
    FOREIGN KEY (`doctor_id`)
    REFERENCES `CLINIC`.`doctor` (`id`)
    ON DELETE NO ACTION
    ON UPDATE NO ACTION,
  CONSTRAINT `fk_doctor_has_shift_shift1`
    FOREIGN KEY (`shift_id`)
    REFERENCES `CLINIC`.`shift` (`id`)
    ON DELETE NO ACTION
    ON UPDATE NO ACTION)
ENGINE = InnoDB;


SET SQL_MODE=@OLD_SQL_MODE;
SET FOREIGN_KEY_CHECKS=@OLD_FOREIGN_KEY_CHECKS;
SET UNIQUE_CHECKS=@OLD_UNIQUE_CHECKS;

-- -----------------------------------------------------
-- Data for table `CLINIC`.`province`
-- -----------------------------------------------------
START TRANSACTION;
USE `CLINIC`;
INSERT INTO `CLINIC`.`province` (`id`, `name`) VALUES (11, 'tehran');
INSERT INTO `CLINIC`.`province` (`id`, `name`) VALUES (12, 'gilan');
INSERT INTO `CLINIC`.`province` (`id`, `name`) VALUES (13, 'fars');
INSERT INTO `CLINIC`.`province` (`id`, `name`) VALUES (14, 'esfehan');
INSERT INTO `CLINIC`.`province` (`id`, `name`) VALUES (15, 'gheshm');
INSERT INTO `CLINIC`.`province` (`id`, `name`) VALUES (16, 'gilan');
INSERT INTO `CLINIC`.`province` (`id`, `name`) VALUES (17, 'mazandaran');
INSERT INTO `CLINIC`.`province` (`id`, `name`) VALUES (18, 'mazandaran');
INSERT INTO `CLINIC`.`province` (`id`, `name`) VALUES (19, 'gilan');
INSERT INTO `CLINIC`.`province` (`id`, `name`) VALUES (20, 'tehran');
INSERT INTO `CLINIC`.`province` (`id`, `name`) VALUES (21, 'tehran');
INSERT INTO `CLINIC`.`province` (`id`, `name`) VALUES (22, 'tehran');
INSERT INTO `CLINIC`.`province` (`id`, `name`) VALUES (23, 'alborz');
INSERT INTO `CLINIC`.`province` (`id`, `name`) VALUES (24, 'alborz');
INSERT INTO `CLINIC`.`province` (`id`, `name`) VALUES (25, 'alborz');
INSERT INTO `CLINIC`.`province` (`id`, `name`) VALUES (26, 'tehran');
INSERT INTO `CLINIC`.`province` (`id`, `name`) VALUES (27, 'tehran');
INSERT INTO `CLINIC`.`province` (`id`, `name`) VALUES (28, 'tehran');
INSERT INTO `CLINIC`.`province` (`id`, `name`) VALUES (29, 'kish');
INSERT INTO `CLINIC`.`province` (`id`, `name`) VALUES (30, 'esfehan');

COMMIT;


-- -----------------------------------------------------
-- Data for table `CLINIC`.`city`
-- -----------------------------------------------------
START TRANSACTION;
USE `CLINIC`;
INSERT INTO `CLINIC`.`city` (`id`, `name`, `province_id`) VALUES (1, 'tehran', 11);
INSERT INTO `CLINIC`.`city` (`id`, `name`, `province_id`) VALUES (2, 'rasht', 12);
INSERT INTO `CLINIC`.`city` (`id`, `name`, `province_id`) VALUES (3, 'shiraz', 13);
INSERT INTO `CLINIC`.`city` (`id`, `name`, `province_id`) VALUES (4, 'esfehan', 14);
INSERT INTO `CLINIC`.`city` (`id`, `name`, `province_id`) VALUES (5, 'gheshm', 15);
INSERT INTO `CLINIC`.`city` (`id`, `name`, `province_id`) VALUES (6, 'lahijan', 16);
INSERT INTO `CLINIC`.`city` (`id`, `name`, `province_id`) VALUES (7, 'nour', 17);
INSERT INTO `CLINIC`.`city` (`id`, `name`, `province_id`) VALUES (8, 'mahmoodabad', 18);
INSERT INTO `CLINIC`.`city` (`id`, `name`, `province_id`) VALUES (9, 'masoole', 19);
INSERT INTO `CLINIC`.`city` (`id`, `name`, `province_id`) VALUES (10, 'shahreghods', 20);
INSERT INTO `CLINIC`.`city` (`id`, `name`, `province_id`) VALUES (11, 'pardis', 21);
INSERT INTO `CLINIC`.`city` (`id`, `name`, `province_id`) VALUES (12, 'fardis', 22);
INSERT INTO `CLINIC`.`city` (`id`, `name`, `province_id`) VALUES (13, 'damavand', 23);
INSERT INTO `CLINIC`.`city` (`id`, `name`, `province_id`) VALUES (14, 'roodehen', 24);
INSERT INTO `CLINIC`.`city` (`id`, `name`, `province_id`) VALUES (15, 'abali', 25);
INSERT INTO `CLINIC`.`city` (`id`, `name`, `province_id`) VALUES (16, 'lavason', 26);
INSERT INTO `CLINIC`.`city` (`id`, `name`, `province_id`) VALUES (17, 'shemshak', 27);
INSERT INTO `CLINIC`.`city` (`id`, `name`, `province_id`) VALUES (18, 'fasham', 28);
INSERT INTO `CLINIC`.`city` (`id`, `name`, `province_id`) VALUES (19, 'kish', 29);
INSERT INTO `CLINIC`.`city` (`id`, `name`, `province_id`) VALUES (20, 'shahrereza', 30);

COMMIT;


-- -----------------------------------------------------
-- Data for table `CLINIC`.`nationality`
-- -----------------------------------------------------
START TRANSACTION;
USE `CLINIC`;
INSERT INTO `CLINIC`.`nationality` (`id`, `name`) VALUES (id, 'name');
INSERT INTO `CLINIC`.`nationality` (`id`, `name`) VALUES (111, 'Russia');
INSERT INTO `CLINIC`.`nationality` (`id`, `name`) VALUES (112, 'Sweden');
INSERT INTO `CLINIC`.`nationality` (`id`, `name`) VALUES (113, 'Germany');
INSERT INTO `CLINIC`.`nationality` (`id`, `name`) VALUES (114, 'Sweden');
INSERT INTO `CLINIC`.`nationality` (`id`, `name`) VALUES (115, 'Portugal');
INSERT INTO `CLINIC`.`nationality` (`id`, `name`) VALUES (116, 'Japan');
INSERT INTO `CLINIC`.`nationality` (`id`, `name`) VALUES (117, 'China');
INSERT INTO `CLINIC`.`nationality` (`id`, `name`) VALUES (118, 'Macedonia');
INSERT INTO `CLINIC`.`nationality` (`id`, `name`) VALUES (119, 'Greece');
INSERT INTO `CLINIC`.`nationality` (`id`, `name`) VALUES (120, 'China');
INSERT INTO `CLINIC`.`nationality` (`id`, `name`) VALUES (121, 'Thailand');
INSERT INTO `CLINIC`.`nationality` (`id`, `name`) VALUES (123, 'China');
INSERT INTO `CLINIC`.`nationality` (`id`, `name`) VALUES (124, 'Indonesia');
INSERT INTO `CLINIC`.`nationality` (`id`, `name`) VALUES (125, 'China');
INSERT INTO `CLINIC`.`nationality` (`id`, `name`) VALUES (126, 'Indonesia');
INSERT INTO `CLINIC`.`nationality` (`id`, `name`) VALUES (127, 'China');
INSERT INTO `CLINIC`.`nationality` (`id`, `name`) VALUES (128, 'Indonesia');
INSERT INTO `CLINIC`.`nationality` (`id`, `name`) VALUES (129, 'Greece');
INSERT INTO `CLINIC`.`nationality` (`id`, `name`) VALUES (130, 'Indonesia');
INSERT INTO `CLINIC`.`nationality` (`id`, `name`) VALUES (131, 'Japan');

COMMIT;


-- -----------------------------------------------------
-- Data for table `CLINIC`.`person`
-- -----------------------------------------------------
START TRANSACTION;
USE `CLINIC`;
INSERT INTO `CLINIC`.`person` (`id`, `nationalid`, `firstname`, `lastname`, `birthdate`, `address`, `gender`, `city_id`, `nationality_id`) VALUES (1, '11111111111', 'Conroy', 'Chalice', '1988-11-04', '74184 Duke Point', 'm', 20, 111);
INSERT INTO `CLINIC`.`person` (`id`, `nationalid`, `firstname`, `lastname`, `birthdate`, `address`, `gender`, `city_id`, `nationality_id`) VALUES (2, '22222222222', 'Rosita', 'Diprose', '1978-01-14', '98 Corry Parkway', 'n', 19, 113);
INSERT INTO `CLINIC`.`person` (`id`, `nationalid`, `firstname`, `lastname`, `birthdate`, `address`, `gender`, `city_id`, `nationality_id`) VALUES (3, '33333333333', 'Andre', 'Culleford', '1989-04-12', '838 Cordelia Pass', 'm', 18, 115);
INSERT INTO `CLINIC`.`person` (`id`, `nationalid`, `firstname`, `lastname`, `birthdate`, `address`, `gender`, `city_id`, `nationality_id`) VALUES (4, '44444444444', 'Skelly', 'Frigot', '1984-12-17', '905 Ohio Road', 'm', 17, 117);
INSERT INTO `CLINIC`.`person` (`id`, `nationalid`, `firstname`, `lastname`, `birthdate`, `address`, `gender`, `city_id`, `nationality_id`) VALUES (5, '55555555555', 'Esther', 'Baldrey', '2008-02-01', '118 Mccormick Point', 'n', 16, 119);
INSERT INTO `CLINIC`.`person` (`id`, `nationalid`, `firstname`, `lastname`, `birthdate`, `address`, `gender`, `city_id`, `nationality_id`) VALUES (6, '66666666666', 'Tully', 'Stowte', '2008-01-03', '57 Forest Dale Road', 'm', 15, 121);
INSERT INTO `CLINIC`.`person` (`id`, `nationalid`, `firstname`, `lastname`, `birthdate`, `address`, `gender`, `city_id`, `nationality_id`) VALUES (7, '77777777777', 'Kincaid', 'Adds', '2001-02-18', '22 Iowa Lane', 'm', 14, 123);
INSERT INTO `CLINIC`.`person` (`id`, `nationalid`, `firstname`, `lastname`, `birthdate`, `address`, `gender`, `city_id`, `nationality_id`) VALUES (8, '88888888888', 'Carolin', 'Darnell', '1956-06-22', '26906 Merchant Alley', 'f', 13, 125);
INSERT INTO `CLINIC`.`person` (`id`, `nationalid`, `firstname`, `lastname`, `birthdate`, `address`, `gender`, `city_id`, `nationality_id`) VALUES (9, '99999999999', 'Wendell', 'Marston', '2018-10-15', '650 Center Avenue', 'm', 12, 127);
INSERT INTO `CLINIC`.`person` (`id`, `nationalid`, `firstname`, `lastname`, `birthdate`, `address`, `gender`, `city_id`, `nationality_id`) VALUES (10, '10101010101', 'Hadria', 'Peres', '2019-04-02', '4157 John Wall Avenue', 'n', 11, 129);
INSERT INTO `CLINIC`.`person` (`id`, `nationalid`, `firstname`, `lastname`, `birthdate`, `address`, `gender`, `city_id`, `nationality_id`) VALUES (11, '11011011010', 'Dacie', 'Aggis', '1981-07-04', '1277 Ryan Road', 'f', 10, 131);
INSERT INTO `CLINIC`.`person` (`id`, `nationalid`, `firstname`, `lastname`, `birthdate`, `address`, `gender`, `city_id`, `nationality_id`) VALUES (12, '12012012012', 'Gaspar', 'MacColgan', '2018-01-10', '04924 Gulseth Pass', 'm', 9, 112);
INSERT INTO `CLINIC`.`person` (`id`, `nationalid`, `firstname`, `lastname`, `birthdate`, `address`, `gender`, `city_id`, `nationality_id`) VALUES (14, '14014014014', 'Bartholomeus', 'Hammerson', '1950-04-20', '73570 Coleman Lane', 'm', 7, 116);
INSERT INTO `CLINIC`.`person` (`id`, `nationalid`, `firstname`, `lastname`, `birthdate`, `address`, `gender`, `city_id`, `nationality_id`) VALUES (16, '16016016016', 'Kiley', 'Chart', '2004-04-30', '0 Tony Circle', 'n', 5, 120);
INSERT INTO `CLINIC`.`person` (`id`, `nationalid`, `firstname`, `lastname`, `birthdate`, `address`, `gender`, `city_id`, `nationality_id`) VALUES (18, '18018018018', 'Sibylle', 'Gollard', '2000-08-27', '2964 Northridge Court', 'f', 3, 124);
INSERT INTO `CLINIC`.`person` (`id`, `nationalid`, `firstname`, `lastname`, `birthdate`, `address`, `gender`, `city_id`, `nationality_id`) VALUES (20, '22022022022', 'Tallie', 'Carine', '2018-08-22', '38 Hoffman Pass', 'm', 1, 128);

COMMIT;


-- -----------------------------------------------------
-- Data for table `CLINIC`.`sections`
-- -----------------------------------------------------
START TRANSACTION;
USE `CLINIC`;
INSERT INTO `CLINIC`.`sections` (`id`, `name`, `supervisor_id`) VALUES (1, 'injections', 1);
INSERT INTO `CLINIC`.`sections` (`id`, `name`, `supervisor_id`) VALUES (2, 'general', 3);
INSERT INTO `CLINIC`.`sections` (`id`, `name`, `supervisor_id`) VALUES (3, 'dentistry', 5);

COMMIT;


-- -----------------------------------------------------
-- Data for table `CLINIC`.`specialty`
-- -----------------------------------------------------
START TRANSACTION;
USE `CLINIC`;
INSERT INTO `CLINIC`.`specialty` (`id`, `name`) VALUES (500, 'dentalspecialist');
INSERT INTO `CLINIC`.`specialty` (`id`, `name`) VALUES (530, 'generalpractitioner');
INSERT INTO `CLINIC`.`specialty` (`id`, `name`) VALUES (550, 'injectionsspecialist');

COMMIT;


-- -----------------------------------------------------
-- Data for table `CLINIC`.`doctor`
-- -----------------------------------------------------
START TRANSACTION;
USE `CLINIC`;
INSERT INTO `CLINIC`.`doctor` (`id`, `gmcnumber`, `sections_id`, `person_id`, `specialty_id`) VALUES (222, 0615-3585, 1, 1, 550);
INSERT INTO `CLINIC`.`doctor` (`id`, `gmcnumber`, `sections_id`, `person_id`, `specialty_id`) VALUES (223, 52125-716, 2, 3, 530);
INSERT INTO `CLINIC`.`doctor` (`id`, `gmcnumber`, `sections_id`, `person_id`, `specialty_id`) VALUES (224, 0187-0497, 3, 5, 500);
INSERT INTO `CLINIC`.`doctor` (`id`, `gmcnumber`, `sections_id`, `person_id`, `specialty_id`) VALUES (225, 63777-224, 1, 7, 550);
INSERT INTO `CLINIC`.`doctor` (`id`, `gmcnumber`, `sections_id`, `person_id`, `specialty_id`) VALUES (226, 31722-519, 2, 9, 530);
INSERT INTO `CLINIC`.`doctor` (`id`, `gmcnumber`, `sections_id`, `person_id`, `specialty_id`) VALUES (227, 51531-2825, 3, 11, 500);

COMMIT;


-- -----------------------------------------------------
-- Data for table `CLINIC`.`room`
-- -----------------------------------------------------
START TRANSACTION;
USE `CLINIC`;
INSERT INTO `CLINIC`.`room` (`id`, `roomtitle`, `roomnumber`, `sections_id`) VALUES (70, 'Doctor\'s office1', 101, 2);
INSERT INTO `CLINIC`.`room` (`id`, `roomtitle`, `roomnumber`, `sections_id`) VALUES (71, 'Doctor\'s office2', 102, 2);
INSERT INTO `CLINIC`.`room` (`id`, `roomtitle`, `roomnumber`, `sections_id`) VALUES (72, 'Dentist\'s office1', 103, 3);
INSERT INTO `CLINIC`.`room` (`id`, `roomtitle`, `roomnumber`, `sections_id`) VALUES (73, 'Dentist\'s office2', 104, 3);
INSERT INTO `CLINIC`.`room` (`id`, `roomtitle`, `roomnumber`, `sections_id`) VALUES (74, 'injection site1', 105, 1);
INSERT INTO `CLINIC`.`room` (`id`, `roomtitle`, `roomnumber`, `sections_id`) VALUES (75, 'injection site2', 106, 1);

COMMIT;


-- -----------------------------------------------------
-- Data for table `CLINIC`.`bloodtype`
-- -----------------------------------------------------
START TRANSACTION;
USE `CLINIC`;
INSERT INTO `CLINIC`.`bloodtype` (`id`, `name`) VALUES (1000, 'o+');
INSERT INTO `CLINIC`.`bloodtype` (`id`, `name`) VALUES (2000, 'o-');
INSERT INTO `CLINIC`.`bloodtype` (`id`, `name`) VALUES (3000, 'a+');
INSERT INTO `CLINIC`.`bloodtype` (`id`, `name`) VALUES (4000, 'a-');
INSERT INTO `CLINIC`.`bloodtype` (`id`, `name`) VALUES (5000, 'b+');
INSERT INTO `CLINIC`.`bloodtype` (`id`, `name`) VALUES (6000, 'b-');
INSERT INTO `CLINIC`.`bloodtype` (`id`, `name`) VALUES (7000, 'ab+');
INSERT INTO `CLINIC`.`bloodtype` (`id`, `name`) VALUES (8000, 'ab-');

COMMIT;


-- -----------------------------------------------------
-- Data for table `CLINIC`.`religion`
-- -----------------------------------------------------
START TRANSACTION;
USE `CLINIC`;
INSERT INTO `CLINIC`.`religion` (`id`, `name`) VALUES (1, 'jewish');
INSERT INTO `CLINIC`.`religion` (`id`, `name`) VALUES (2, 'islam');
INSERT INTO `CLINIC`.`religion` (`id`, `name`) VALUES (3, 'christendom');
INSERT INTO `CLINIC`.`religion` (`id`, `name`) VALUES (4, 'buddhist');

COMMIT;


-- -----------------------------------------------------
-- Data for table `CLINIC`.`patient`
-- -----------------------------------------------------
START TRANSACTION;
USE `CLINIC`;
INSERT INTO `CLINIC`.`patient` (`id`, `person_id`, `bloodtype_id`, `religion_id`) VALUES (330, 2, 1000, 1);
INSERT INTO `CLINIC`.`patient` (`id`, `person_id`, `bloodtype_id`, `religion_id`) VALUES (331, 4, 2000, 2);
INSERT INTO `CLINIC`.`patient` (`id`, `person_id`, `bloodtype_id`, `religion_id`) VALUES (332, 6, 4000, 3);
INSERT INTO `CLINIC`.`patient` (`id`, `person_id`, `bloodtype_id`, `religion_id`) VALUES (333, 8, 6000, 4);
INSERT INTO `CLINIC`.`patient` (`id`, `person_id`, `bloodtype_id`, `religion_id`) VALUES (334, 10, 8000, 4);
INSERT INTO `CLINIC`.`patient` (`id`, `person_id`, `bloodtype_id`, `religion_id`) VALUES (335, 12, 7000, 4);
INSERT INTO `CLINIC`.`patient` (`id`, `person_id`, `bloodtype_id`, `religion_id`) VALUES (336, 14, 5000, 3);
INSERT INTO `CLINIC`.`patient` (`id`, `person_id`, `bloodtype_id`, `religion_id`) VALUES (337, 16, 5000, 2);
INSERT INTO `CLINIC`.`patient` (`id`, `person_id`, `bloodtype_id`, `religion_id`) VALUES (338, 18, 3000, 1);
INSERT INTO `CLINIC`.`patient` (`id`, `person_id`, `bloodtype_id`, `religion_id`) VALUES (339, 20, 4000, 1);

COMMIT;


-- -----------------------------------------------------
-- Data for table `CLINIC`.`servicecost`
-- -----------------------------------------------------
START TRANSACTION;
USE `CLINIC`;
INSERT INTO `CLINIC`.`servicecost` (`id`, `name`, `cost`, `sections_id`) VALUES (1, 'Intravenous therapy', 150, 1);
INSERT INTO `CLINIC`.`servicecost` (`id`, `name`, `cost`, `sections_id`) VALUES (2, 'Intramuscular injection', 160, 1);
INSERT INTO `CLINIC`.`servicecost` (`id`, `name`, `cost`, `sections_id`) VALUES (3, 'Dental extraction', 350, 3);
INSERT INTO `CLINIC`.`servicecost` (`id`, `name`, `cost`, `sections_id`) VALUES (4, 'Dental restoration', 500, 3);
INSERT INTO `CLINIC`.`servicecost` (`id`, `name`, `cost`, `sections_id`) VALUES (5, 'Scaling and root planing', 350, 3);
INSERT INTO `CLINIC`.`servicecost` (`id`, `name`, `cost`, `sections_id`) VALUES (6, 'generalvisit', 120, 2);

COMMIT;


-- -----------------------------------------------------
-- Data for table `CLINIC`.`bill`
-- -----------------------------------------------------
START TRANSACTION;
USE `CLINIC`;
INSERT INTO `CLINIC`.`bill` (`id`, `billcode`, `totalcost`, `billdate`, `Patient_id`, `doctor_id`, `servicecost_id`) VALUES (400, 1001, 120, '2020-01-01', 330, 222, 1);
INSERT INTO `CLINIC`.`bill` (`id`, `billcode`, `totalcost`, `billdate`, `Patient_id`, `doctor_id`, `servicecost_id`) VALUES (401, 1002, 85, '2021-01-05', 331, 223, 6);
INSERT INTO `CLINIC`.`bill` (`id`, `billcode`, `totalcost`, `billdate`, `Patient_id`, `doctor_id`, `servicecost_id`) VALUES (402, 1003, 350, '2022-05-04', 332, 224, 3);
INSERT INTO `CLINIC`.`bill` (`id`, `billcode`, `totalcost`, `billdate`, `Patient_id`, `doctor_id`, `servicecost_id`) VALUES (403, 1004, 110, '2020-09-02', 333, 225, 2);
INSERT INTO `CLINIC`.`bill` (`id`, `billcode`, `totalcost`, `billdate`, `Patient_id`, `doctor_id`, `servicecost_id`) VALUES (404, 1005, 85, '2021-07-11', 334, 226, 6);
INSERT INTO `CLINIC`.`bill` (`id`, `billcode`, `totalcost`, `billdate`, `Patient_id`, `doctor_id`, `servicecost_id`) VALUES (405, 1006, 220, '2019-12-01', 335, 227, 5);
INSERT INTO `CLINIC`.`bill` (`id`, `billcode`, `totalcost`, `billdate`, `Patient_id`, `doctor_id`, `servicecost_id`) VALUES (406, 1007, 120, '2020-12-12', 336, 222, 1);
INSERT INTO `CLINIC`.`bill` (`id`, `billcode`, `totalcost`, `billdate`, `Patient_id`, `doctor_id`, `servicecost_id`) VALUES (407, 1008, 60, '2019-07-01', 337, 223, 6);
INSERT INTO `CLINIC`.`bill` (`id`, `billcode`, `totalcost`, `billdate`, `Patient_id`, `doctor_id`, `servicecost_id`) VALUES (408, 1009, 350, '2022-02-06', 338, 224, 3);
INSERT INTO `CLINIC`.`bill` (`id`, `billcode`, `totalcost`, `billdate`, `Patient_id`, `doctor_id`, `servicecost_id`) VALUES (709, 1010, 110, '2020-10-10', 339, 225, 2);

COMMIT;


-- -----------------------------------------------------
-- Data for table `CLINIC`.`roomPatient`
-- -----------------------------------------------------
START TRANSACTION;
USE `CLINIC`;
INSERT INTO `CLINIC`.`roomPatient` (`room_id`, `Patient_id`, `visitdate`) VALUES (70, 330, '2020-01-01');
INSERT INTO `CLINIC`.`roomPatient` (`room_id`, `Patient_id`, `visitdate`) VALUES (71, 331, '2021-05-01');
INSERT INTO `CLINIC`.`roomPatient` (`room_id`, `Patient_id`, `visitdate`) VALUES (72, 332, '2022-04-05');
INSERT INTO `CLINIC`.`roomPatient` (`room_id`, `Patient_id`, `visitdate`) VALUES (73, 333, '2020-02-09');
INSERT INTO `CLINIC`.`roomPatient` (`room_id`, `Patient_id`, `visitdate`) VALUES (74, 334, '2021-11-07');
INSERT INTO `CLINIC`.`roomPatient` (`room_id`, `Patient_id`, `visitdate`) VALUES (75, 335, '2019-07-12');

COMMIT;


-- -----------------------------------------------------
-- Data for table `CLINIC`.`phonetype`
-- -----------------------------------------------------
START TRANSACTION;
USE `CLINIC`;
INSERT INTO `CLINIC`.`phonetype` (`id`, `typename`) VALUES (1, 'phone');
INSERT INTO `CLINIC`.`phonetype` (`id`, `typename`) VALUES (2, 'home');
INSERT INTO `CLINIC`.`phonetype` (`id`, `typename`) VALUES (3, 'emergency');
INSERT INTO `CLINIC`.`phonetype` (`id`, `typename`) VALUES (4, 'patientcompanion');

COMMIT;


-- -----------------------------------------------------
-- Data for table `CLINIC`.`telephone`
-- -----------------------------------------------------
START TRANSACTION;
USE `CLINIC`;
INSERT INTO `CLINIC`.`telephone` (`id`, `number`, `phonetype_id`, `person_id`) VALUES (1, 619593, 1, 2);
INSERT INTO `CLINIC`.`telephone` (`id`, `number`, `phonetype_id`, `person_id`) VALUES (2, 385456, 2, 4);
INSERT INTO `CLINIC`.`telephone` (`id`, `number`, `phonetype_id`, `person_id`) VALUES (3, 245675, 3, 6);
INSERT INTO `CLINIC`.`telephone` (`id`, `number`, `phonetype_id`, `person_id`) VALUES (4, 179729, 4, 8);
INSERT INTO `CLINIC`.`telephone` (`id`, `number`, `phonetype_id`, `person_id`) VALUES (5, 475880, 1, 10);
INSERT INTO `CLINIC`.`telephone` (`id`, `number`, `phonetype_id`, `person_id`) VALUES (6, 490549, 1, 12);
INSERT INTO `CLINIC`.`telephone` (`id`, `number`, `phonetype_id`, `person_id`) VALUES (7, 406966, 2, 14);
INSERT INTO `CLINIC`.`telephone` (`id`, `number`, `phonetype_id`, `person_id`) VALUES (8, 708965, 2, 16);
INSERT INTO `CLINIC`.`telephone` (`id`, `number`, `phonetype_id`, `person_id`) VALUES (9, 288263, 3, 18);
INSERT INTO `CLINIC`.`telephone` (`id`, `number`, `phonetype_id`, `person_id`) VALUES (10, 894317, 4, 20);
INSERT INTO `CLINIC`.`telephone` (`id`, `number`, `phonetype_id`, `person_id`) VALUES (11, 334615, 2, 1);
INSERT INTO `CLINIC`.`telephone` (`id`, `number`, `phonetype_id`, `person_id`) VALUES (12, 274530, 1, 3);
INSERT INTO `CLINIC`.`telephone` (`id`, `number`, `phonetype_id`, `person_id`) VALUES (13, 839688, 4, 5);
INSERT INTO `CLINIC`.`telephone` (`id`, `number`, `phonetype_id`, `person_id`) VALUES (14, 297528, 2, 7);
INSERT INTO `CLINIC`.`telephone` (`id`, `number`, `phonetype_id`, `person_id`) VALUES (15, 296483, 3, 9);
INSERT INTO `CLINIC`.`telephone` (`id`, `number`, `phonetype_id`, `person_id`) VALUES (16, 407918, 1, 11);

COMMIT;


-- -----------------------------------------------------
-- Data for table `CLINIC`.`shift`
-- -----------------------------------------------------
START TRANSACTION;
USE `CLINIC`;
INSERT INTO `CLINIC`.`shift` (`id`, `name`) VALUES (30, 'day');
INSERT INTO `CLINIC`.`shift` (`id`, `name`) VALUES (40, 'night');

COMMIT;


-- -----------------------------------------------------
-- Data for table `CLINIC`.`doctorshift`
-- -----------------------------------------------------
START TRANSACTION;
USE `CLINIC`;
INSERT INTO `CLINIC`.`doctorshift` (`doctor_id`, `shift_id`, `startdate`, `enddate`) VALUES (222, 30, '2020-01-01', '2020-12-12');
INSERT INTO `CLINIC`.`doctorshift` (`doctor_id`, `shift_id`, `startdate`, `enddate`) VALUES (223, 30, '2019-07-01', '2021-07-01');
INSERT INTO `CLINIC`.`doctorshift` (`doctor_id`, `shift_id`, `startdate`, `enddate`) VALUES (224, 30, '2022-02-04', '2022-06-03');
INSERT INTO `CLINIC`.`doctorshift` (`doctor_id`, `shift_id`, `startdate`, `enddate`) VALUES (225, 40, '2020-09-02', '2020-10-11');
INSERT INTO `CLINIC`.`doctorshift` (`doctor_id`, `shift_id`, `startdate`, `enddate`) VALUES (226, 40, '2021-07-11', '2021-08-11');
INSERT INTO `CLINIC`.`doctorshift` (`doctor_id`, `shift_id`, `startdate`, `enddate`) VALUES (227, 40, '2019-12-01', '2019-12-05');

COMMIT;

